{"4x4-off-road.Map.Gbx":{"Name":"<span class=\"tmnick_global\" style=\"background-color:transparent\"><span class=\"tmnick_shadowed\" style=\"font-size: 10pt;color:#663300\">4x4 off road<\/span><\/span>","Environment":"Canyon","FileName":"4x4-off-road.Map.Gbx","UId":"Qv3k5wnovhc5WbbEmUMsXXao3A1","Author":"kev717","Recent":0,"Type":{"Name":"Race","FullName":"Trackmania\\Race"}},"8-defonce.Map.Gbx":{"Name":"<span class=\"tmnick_global\" style=\"background-color:transparent\"><span class=\"tmnick_shadowed\" style=\"font-size: 10pt;color:#006666\">8 d\u00e9fonc\u00e9<\/span><\/span>","Environment":"Canyon","FileName":"8-defonce.Map.Gbx","UId":"hYenoR7LZzdVSgaux_pSEYNwu45","Author":"kev717","Recent":0,"Type":{"Name":"Race","FullName":"Trackmania\\Race"}},"Attention-au-frein.Map.Gbx":{"Name":"<span class=\"tmnick_global\" style=\"background-color:transparent\"><span class=\"tmnick_shadowed\" style=\"font-size: 10pt;color:#ffcc33\">Attention au frein<\/span><\/span>","Environment":"Canyon","FileName":"Attention-au-frein.Map.Gbx","UId":"a0pRKdQoPI5zLmADzIGZLzHwdPh","Author":"kev717","Recent":0,"Type":{"Name":"Race","FullName":"Trackmania\\Race"}},"Attraction.Map.Gbx":{"Name":"<span class=\"tmnick_global\" style=\"background-color:transparent\"><span class=\"tmnick_shadowed\" style=\"font-size: 10pt;color:#ff0000\">Attraction<\/span><\/span>","Environment":"Canyon","FileName":"Attraction.Map.Gbx","UId":"M42mf_WR3zKFGngLdv4dl_WkSkf","Author":"kev717","Recent":0,"Type":{"Name":"Race","FullName":"Trackmania\\Race"}},"Autoroute.Map.Gbx":{"Name":"<span class=\"tmnick_global\" style=\"background-color:transparent\"><span class=\"tmnick_shadowed\" style=\"font-size: 10pt;color:#009900\">Autoroute<\/span><\/span>","Environment":"Canyon","FileName":"Autoroute.Map.Gbx","UId":"sZ9IeicBn4KAq28YmjmstwEYjv0","Author":"kev717","Recent":0,"Type":{"Name":"Race","FullName":"Trackmania\\Race"}},"Boite.Map.Gbx":{"Name":"<span class=\"tmnick_global\" style=\"background-color:transparent\"><span class=\"tmnick_shadowed\" style=\"font-size: 10pt;color:#ff0066\">Boite<\/span><\/span>","Environment":"Canyon","FileName":"Boite.Map.Gbx","UId":"LjZ10Y1fpp9OUIuX7O71Mb7PZ01","Author":"kev717","Recent":0,"Type":{"Name":"Race","FullName":"Trackmania\\Race"}},"Canada---Etape-1.Map.Gbx":{"Name":"<span class=\"tmnick_global\" style=\"background-color:transparent\"><span class=\"tmnick_shadowed\" style=\"font-size: 10pt;color:#ff0000\">Canada <\/span><span class=\"tmnick_shadowed\" style=\"font-size: 10pt;color:#333333\">- <\/span><span class=\"tmnick_shadowed\" style=\"font-size: 10pt;color:#ffffff\">Etape 1<\/span><\/span>","Environment":"Canyon","FileName":"Canada---Etape-1.Map.Gbx","UId":"04Bc42Q79i87E8kAQz6_kdX7tQj","Author":"kev717","Recent":0,"Type":{"Name":"Race","FullName":"Trackmania\\Race"}},"Canada---Etape-2.Map.Gbx":{"Name":"<span class=\"tmnick_global\" style=\"background-color:transparent\"><span class=\"tmnick_shadowed\" style=\"font-size: 10pt;color:#ff0000\">Canada <\/span><span class=\"tmnick_shadowed\" style=\"font-size: 10pt;color:#333333\">- <\/span><span class=\"tmnick_shadowed\" style=\"font-size: 10pt;color:#ffffff\">Etape 2<\/span><\/span>","Environment":"Canyon","FileName":"Canada---Etape-2.Map.Gbx","UId":"b81vfeiBo9am2NxJTZmGr39pjW8","Author":"kev717","Recent":0,"Type":{"Name":"Race","FullName":"Trackmania\\Race"}},"Canada---Etape-3.Map.Gbx":{"Name":"<span class=\"tmnick_global\" style=\"background-color:transparent\"><span class=\"tmnick_shadowed\" style=\"font-size: 10pt;color:#ff0000\">Canada <\/span><span class=\"tmnick_shadowed\" style=\"font-size: 10pt;color:#333333\">- <\/span><span class=\"tmnick_shadowed\" style=\"font-size: 10pt;color:#ffffff\">Etape 3<\/span><\/span>","Environment":"Canyon","FileName":"Canada---Etape-3.Map.Gbx","UId":"y5onnQXohjAB0IM5R4RAdaitTKe","Author":"kev717","Recent":0,"Type":{"Name":"Race","FullName":"Trackmania\\Race"}},"Canada---Etape-4.Map.Gbx":{"Name":"<span class=\"tmnick_global\" style=\"background-color:transparent\"><span class=\"tmnick_shadowed\" style=\"font-size: 10pt;color:#ff0000\">Canada <\/span><span class=\"tmnick_shadowed\" style=\"font-size: 10pt;color:#333333\">- <\/span><span class=\"tmnick_shadowed\" style=\"font-size: 10pt;color:#ffffff\">Etape 4<\/span><\/span>","Environment":"Canyon","FileName":"Canada---Etape-4.Map.Gbx","UId":"NK37fOQJaYX7TFrnBV3uQnZ8S93","Author":"kev717","Recent":0,"Type":{"Name":"Race","FullName":"Trackmania\\Race"}},"CreationSkin.Map.Gbx":{"Name":"<span class=\"tmnick_global\" style=\"background-color:transparent\"><span class=\"tmnick_shadowed\" style=\"font-size: 10pt;color:white\">Cr\u00e9ationSkin<\/span><\/span>","Environment":"Canyon","FileName":"CreationSkin.Map.Gbx","UId":"4JUUciJTt4pXA31rhzziUnMsW31","Author":"kev717","Recent":0,"Type":{"Name":"Race","FullName":"Race"}},"Egypte---Etape-1.Map.Gbx":{"Name":"<span class=\"tmnick_global\" style=\"background-color:transparent\"><span class=\"tmnick_shadowed\" style=\"font-size: 10pt;color:#ffcc00\">Egypte <\/span><span class=\"tmnick_shadowed\" style=\"font-size: 10pt;color:#333333\">- <\/span><span class=\"tmnick_shadowed\" style=\"font-size: 10pt;color:#ffffff\">Etape 1<\/span><\/span>","Environment":"Canyon","FileName":"Egypte---Etape-1.Map.Gbx","UId":"FbRbV3sLZgvSPOa2cgpFssfmsYe","Author":"kev717","Recent":0,"Type":{"Name":"Race","FullName":"Trackmania\\Race"}},"Egypte---Etape-2.Map.Gbx":{"Name":"<span class=\"tmnick_global\" style=\"background-color:transparent\"><span class=\"tmnick_shadowed\" style=\"font-size: 10pt;color:#ffcc00\">Egypte <\/span><span class=\"tmnick_shadowed\" style=\"font-size: 10pt;color:#333333\">- <\/span><span class=\"tmnick_shadowed\" style=\"font-size: 10pt;color:#ffffff\">Etape 2<\/span><\/span>","Environment":"Canyon","FileName":"Egypte---Etape-2.Map.Gbx","UId":"wgmbpGVJ4YDN1rWnv3rQgK1OzJg","Author":"kev717","Recent":0,"Type":{"Name":"Race","FullName":"Trackmania\\Race"}},"Egypte---Etape-3.Map.Gbx":{"Name":"<span class=\"tmnick_global\" style=\"background-color:transparent\"><span class=\"tmnick_shadowed\" style=\"font-size: 10pt;color:#ffcc00\">Egypte <\/span><span class=\"tmnick_shadowed\" style=\"font-size: 10pt;color:#333333\">- <\/span><span class=\"tmnick_shadowed\" style=\"font-size: 10pt;color:#ffffff\">Etape 3<\/span><\/span>","Environment":"Canyon","FileName":"Egypte---Etape-3.Map.Gbx","UId":"2OWdjMFiLnIKTDPbLIaKEoY4pu0","Author":"kev717","Recent":0,"Type":{"Name":"Race","FullName":"Trackmania\\Race"}},"Egypte---Etape-4.Map.Gbx":{"Name":"<span class=\"tmnick_global\" style=\"background-color:transparent\"><span class=\"tmnick_shadowed\" style=\"font-size: 10pt;color:#ffcc00\">Egypte <\/span><span class=\"tmnick_shadowed\" style=\"font-size: 10pt;color:#333333\">- <\/span><span class=\"tmnick_shadowed\" style=\"font-size: 10pt;color:#ffffff\">Etape 4<\/span><\/span>","Environment":"Canyon","FileName":"Egypte---Etape-4.Map.Gbx","UId":"kERIXFivYyDC48EokcdoMHNMa24","Author":"kev717","Recent":0,"Type":{"Name":"Race","FullName":"Trackmania\\Race"}},"Elite---ArchWays.Map.Gbx":{"Name":"<span class=\"tmnick_global\" style=\"background-color:transparent\"><span class=\"tmnick_shadowed\" style=\"font-size: 10pt;color:#ffffff\">Elite - <\/span><span class=\"tmnick_shadowed\" style=\"font-size: 10pt;color:#ff2200\">Ar<\/span><span class=\"tmnick_shadowed\" style=\"font-size: 10pt;color:#ff3311\">ch<\/span><span class=\"tmnick_shadowed\" style=\"font-size: 10pt;color:#ff4422\">Wa<\/span><span class=\"tmnick_shadowed\" style=\"font-size: 10pt;color:#ff5533\">ys<\/span><\/span>","Environment":"Storm","FileName":"Elite---ArchWays.Map.Gbx","UId":"SKFHlXwDZnJiau2r2iRMMur7BC5","Author":"nadeolive","Recent":0,"Type":{"Name":"EliteArena","FullName":"ShootMania\\EliteArena"}},"Elite---Collided.Map.Gbx":{"Name":"<span class=\"tmnick_global\" style=\"background-color:transparent\"><span class=\"tmnick_shadowed\" style=\"font-size: 10pt;color:#ffffff\">Elite - <\/span><span class=\"tmnick_shadowed\" style=\"font-size: 10pt;color:#ff2200\">Co<\/span><span class=\"tmnick_shadowed\" style=\"font-size: 10pt;color:#ff3311\">lli<\/span><span class=\"tmnick_shadowed\" style=\"font-size: 10pt;color:#ff4422\">de<\/span><span class=\"tmnick_shadowed\" style=\"font-size: 10pt;color:#ff5533\">d<\/span><\/span>","Environment":"Storm","FileName":"Elite---Collided.Map.Gbx","UId":"03K2a6a0q9WihtbQmEodDXsQZE9","Author":"nadeolive","Recent":0,"Type":{"Name":"EliteArena","FullName":"ShootMania\\EliteArena"}},"Elite---ESL_Tilt.Map.Gbx":{"Name":"<span class=\"tmnick_global\" style=\"background-color:transparent\"><span class=\"tmnick_shadowed\" style=\"font-size: 10pt;color:#ffffff\">Elite - <\/span><span class=\"tmnick_italic tmnick_shadowed\" style=\"font-size: 10pt;color:#ffffff\">ESL|<\/span><span class=\"\" style=\"font-size: 10pt;color:white\"> Tilt<\/span><\/span>","Environment":"Storm","FileName":"Elite---ESL_Tilt.Map.Gbx","UId":"MG5o8ZAHgcD4zZtrnzScizCjFZd","Author":"kyb","Recent":0,"Type":{"Name":"EliteArena","FullName":"ShootMania\\EliteArena"}},"Elite---Fortress.Map.Gbx":{"Name":"<span class=\"tmnick_global\" style=\"background-color:transparent\"><span class=\"tmnick_shadowed\" style=\"font-size: 10pt;color:#ffffff\">Elite - <\/span><span class=\"tmnick_shadowed\" style=\"font-size: 10pt;color:#ff2200\">Fo<\/span><span class=\"tmnick_shadowed\" style=\"font-size: 10pt;color:#ff3311\">rt<\/span><span class=\"tmnick_shadowed\" style=\"font-size: 10pt;color:#ff4422\">re<\/span><span class=\"tmnick_shadowed\" style=\"font-size: 10pt;color:#ff5533\">ss<\/span><\/span>","Environment":"Storm","FileName":"Elite---Fortress.Map.Gbx","UId":"6niuYlVqoCIkDlCdFTpEZTh7LF8","Author":"nadeolive","Recent":0,"Type":{"Name":"EliteArena","FullName":"ShootMania\\EliteArena"}},"Elite---Isolated-.Map.Gbx":{"Name":"<span class=\"tmnick_global\" style=\"background-color:transparent\"><span class=\"tmnick_shadowed\" style=\"font-size: 10pt;color:white\">Elite - Isolated <\/span><\/span>","Environment":"Storm","FileName":"Elite---Isolated-.Map.Gbx","UId":"0kJYrghOkWOUBV2Ym1o_GbqIjfl","Author":"skoonyz","Recent":0,"Type":{"Name":"SiegeArena","FullName":"ShootMania\\SiegeArena"}},"Elite---Paladin.Map.Gbx":{"Name":"<span class=\"tmnick_global\" style=\"background-color:transparent\"><span class=\"tmnick_shadowed\" style=\"font-size: 10pt;color:#ffffff\">Elite<\/span><span class=\"tmnick_bold\" style=\"font-size: 10pt;color:white\"> - <\/span><span class=\"tmnick_bold\" style=\"font-size: 10pt;color:#ffff55\">Paladin<\/span><\/span>","Environment":"Storm","FileName":"Elite---Paladin.Map.Gbx","UId":"M50azStIw1KWYPAJOGitLV4msYk","Author":"kryw","Recent":0,"Type":{"Name":"EliteArena","FullName":"ShootMania\\EliteArena"}},"Elite---Quick.Map.Gbx":{"Name":"<span class=\"tmnick_global\" style=\"background-color:transparent\"><span class=\"tmnick_shadowed\" style=\"font-size: 10pt;color:white\">Elite - Quick<\/span><\/span>","Environment":"Storm","FileName":"Elite---Quick.Map.Gbx","UId":"lD4uGyw8OGFTJgUxpfVEAREnBA3","Author":"skoonyz","Recent":0,"Type":{"Name":"SiegeArena","FullName":"ShootMania\\SiegeArena"}},"Elite---Swift.Map.Gbx":{"Name":"<span class=\"tmnick_global\" style=\"background-color:transparent\"><span class=\"tmnick_shadowed\" style=\"font-size: 10pt;color:#ffffff\">Elite<\/span><span class=\"tmnick_bold\" style=\"font-size: 10pt;color:white\"> - <\/span><span class=\"tmnick_bold tmnick_italic\" style=\"font-size: 10pt;color:#004499\">Swift<\/span><\/span>","Environment":"Storm","FileName":"Elite---Swift.Map.Gbx","UId":"48FyaLm__ft12cQ6i96KrmoRuwi","Author":"ph0enix","Recent":0,"Type":{"Name":"EliteArena","FullName":"ShootMania\\EliteArena"}},"Elite---TheCastle.Map.Gbx":{"Name":"<span class=\"tmnick_global\" style=\"background-color:transparent\"><span class=\"tmnick_shadowed\" style=\"font-size: 10pt;color:#ffffff\">Elite - <\/span><span class=\"tmnick_shadowed\" style=\"font-size: 10pt;color:#ff2200\">Th<\/span><span class=\"tmnick_shadowed\" style=\"font-size: 10pt;color:#ff3311\">eC<\/span><span class=\"tmnick_shadowed\" style=\"font-size: 10pt;color:#ff4422\">as<\/span><span class=\"tmnick_shadowed\" style=\"font-size: 10pt;color:#ff5533\">tl<\/span><span class=\"tmnick_shadowed\" style=\"font-size: 10pt;color:#ff6644\">e<\/span><\/span>","Environment":"Storm","FileName":"Elite---TheCastle.Map.Gbx","UId":"Lx2Ik2GEcSObirozQvio6bRRWHj","Author":"nadeolive","Recent":0,"Type":{"Name":"EliteArena","FullName":"ShootMania\\EliteArena"}},"Finlande---Etape-1.Map.Gbx":{"Name":"<span class=\"tmnick_global\" style=\"background-color:transparent\"><span class=\"tmnick_shadowed\" style=\"font-size: 10pt;color:#003399\">Finlande <\/span><span class=\"tmnick_shadowed\" style=\"font-size: 10pt;color:#333333\">- <\/span><span class=\"tmnick_shadowed\" style=\"font-size: 10pt;color:#ffffff\">Etape 1<\/span><\/span>","Environment":"Canyon","FileName":"Finlande---Etape-1.Map.Gbx","UId":"Jjv2bS9bSAhPDo0ddGQ65IuHahh","Author":"kev717","Recent":0,"Type":{"Name":"Race","FullName":"Trackmania\\Race"}},"Finlande---Etape-2.Map.Gbx":{"Name":"<span class=\"tmnick_global\" style=\"background-color:transparent\"><span class=\"tmnick_shadowed\" style=\"font-size: 10pt;color:#003399\">Finlande <\/span><span class=\"tmnick_shadowed\" style=\"font-size: 10pt;color:#333333\">- <\/span><span class=\"tmnick_shadowed\" style=\"font-size: 10pt;color:#ffffff\">Etape 2<\/span><\/span>","Environment":"Canyon","FileName":"Finlande---Etape-2.Map.Gbx","UId":"VN5iYuP5oYx0PnvDKHbM09TKPL1","Author":"kev717","Recent":0,"Type":{"Name":"Race","FullName":"Trackmania\\Race"}},"Finlande---Etape-3.Map.Gbx":{"Name":"<span class=\"tmnick_global\" style=\"background-color:transparent\"><span class=\"tmnick_shadowed\" style=\"font-size: 10pt;color:#003399\">Finlande <\/span><span class=\"tmnick_shadowed\" style=\"font-size: 10pt;color:#333333\">- <\/span><span class=\"tmnick_shadowed\" style=\"font-size: 10pt;color:#ffffff\">Etape 3<\/span><\/span>","Environment":"Canyon","FileName":"Finlande---Etape-3.Map.Gbx","UId":"Saa55CJ4euzzNo8sYf1BhwwhEN8","Author":"kev717","Recent":0,"Type":{"Name":"Race","FullName":"Trackmania\\Race"}},"Finlande---Etape-4.Map.Gbx":{"Name":"<span class=\"tmnick_global\" style=\"background-color:transparent\"><span class=\"tmnick_shadowed\" style=\"font-size: 10pt;color:#003399\">Finlande <\/span><span class=\"tmnick_shadowed\" style=\"font-size: 10pt;color:#333333\">- <\/span><span class=\"tmnick_shadowed\" style=\"font-size: 10pt;color:#ffffff\">Etape 4<\/span><\/span>","Environment":"Canyon","FileName":"Finlande---Etape-4.Map.Gbx","UId":"ub3X0hFop3dyIdJXV_SeZID27Dh","Author":"kev717","Recent":0,"Type":{"Name":"Race","FullName":"Trackmania\\Race"}},"Free-way.Map.Gbx":{"Name":"<span class=\"tmnick_global\" style=\"background-color:transparent\"><span class=\"tmnick_shadowed\" style=\"font-size: 10pt;color:#99ff33\">Free way<\/span><\/span>","Environment":"Canyon","FileName":"Free-way.Map.Gbx","UId":"ftaKnDEO7zyYIH0Irdxn6wonXD0","Author":"kev717","Recent":0,"Type":{"Name":"Race","FullName":"Trackmania\\Race"}},"Hummm.Map.Gbx":{"Name":"<span class=\"tmnick_global\" style=\"background-color:transparent\"><span class=\"tmnick_shadowed\" style=\"font-size: 10pt;color:#0099cc\">Hummm<\/span><\/span>","Environment":"Canyon","FileName":"Hummm.Map.Gbx","UId":"4yRQq_90nR47IxnaHu1evHDIDm3","Author":"kev717","Recent":0,"Type":{"Name":"Race","FullName":"Trackmania\\Race"}},"In-the-sky.Map.Gbx":{"Name":"<span class=\"tmnick_global\" style=\"background-color:transparent\"><span class=\"tmnick_shadowed\" style=\"font-size: 10pt;color:#66ffff\">In the sky<\/span><\/span>","Environment":"Canyon","FileName":"In-the-sky.Map.Gbx","UId":"dEu6pX1lC02z7sgIh8L3PXmIAhh","Author":"kev717","Recent":0,"Type":{"Name":"Race","FullName":"Trackmania\\Race"}},"Jouissance-saccadee.Map.Gbx":{"Name":"<span class=\"tmnick_global\" style=\"background-color:transparent\"><span class=\"tmnick_shadowed\" style=\"font-size: 10pt;color:#996600\">Jou\u00efssance saccad\u00e9e<\/span><\/span>","Environment":"Canyon","FileName":"Jouissance-saccadee.Map.Gbx","UId":"l4ZFhAq_iVFEwcWOnUqShYcxZok","Author":"kev717","Recent":0,"Type":{"Name":"Race","FullName":"Trackmania\\Race"}},"Jump-and-jump-and....Map.Gbx":{"Name":"<span class=\"tmnick_global\" style=\"background-color:transparent\"><span class=\"tmnick_shadowed\" style=\"font-size: 10pt;color:#000033\">Jump and jump and...<\/span><\/span>","Environment":"Canyon","FileName":"Jump-and-jump-and....Map.Gbx","UId":"IlA6Gk99GLAhmlRiyhA6EttoXW3","Author":"kev717","Recent":0,"Type":{"Name":"Race","FullName":"Trackmania\\Race"}},"Jump-around.Map.Gbx":{"Name":"<span class=\"tmnick_global\" style=\"background-color:transparent\"><span class=\"tmnick_shadowed\" style=\"font-size: 10pt;color:#ffcc00\">Jump around<\/span><\/span>","Environment":"Canyon","FileName":"Jump-around.Map.Gbx","UId":"AxYOLDm_yHl8Vpr2OTKPrjjNWic","Author":"kev717","Recent":0,"Type":{"Name":"Race","FullName":"Trackmania\\Race"}},"Labyrinthe.Map.Gbx":{"Name":"<span class=\"tmnick_global\" style=\"background-color:transparent\"><span class=\"tmnick_shadowed\" style=\"font-size: 10pt;color:#ccff00\">Labyrinthe<\/span><\/span>","Environment":"Canyon","FileName":"Labyrinthe.Map.Gbx","UId":"qjhyktiuJbyuYe1WmeU5cEhFrSb","Author":"kev717","Recent":0,"Type":{"Name":"Race","FullName":"Trackmania\\Race"}},"Looping-en-folie.Map.Gbx":{"Name":"<span class=\"tmnick_global\" style=\"background-color:transparent\"><span class=\"tmnick_shadowed\" style=\"font-size: 10pt;color:#0000cc\">Looping en folie<\/span><\/span>","Environment":"Canyon","FileName":"Looping-en-folie.Map.Gbx","UId":"4fTM17a8FfjhYK7eTczAWbp5Rzl","Author":"kev717","Recent":0,"Type":{"Name":"Race","FullName":"Trackmania\\Race"}},"Micromania-1.Map.Gbx":{"Name":"<span class=\"tmnick_global\" style=\"background-color:transparent\"><span class=\"tmnick_shadowed\" style=\"font-size: 10pt;color:#990033\">Micromania <\/span><span class=\"tmnick_shadowed\" style=\"font-size: 10pt;color:#ffffff\">#1<\/span><\/span>","Environment":"Canyon","FileName":"Micromania-1.Map.Gbx","UId":"RiP6EIEzDXeDpoyeDW46Nd5AFY3","Author":"kev717","Recent":0,"Type":{"Name":"Race","FullName":"Trackmania\\Race"}},"Mountain.Map.Gbx":{"Name":"<span class=\"tmnick_global\" style=\"background-color:transparent\"><span class=\"tmnick_shadowed\" style=\"font-size: 10pt;color:white\">Mountain<\/span><\/span>","Environment":"Canyon","FileName":"Mountain.Map.Gbx","UId":"aiYLZv1Rfye5oyortcvA2xLfzSd","Author":"dangmaar","Recent":0,"Type":{"Name":"Race","FullName":"Race"}},"Multi-track.Map.Gbx":{"Name":"<span class=\"tmnick_global\" style=\"background-color:transparent\"><span class=\"tmnick_shadowed\" style=\"font-size: 10pt;color:#cc6600\">Multi track<\/span><\/span>","Environment":"Canyon","FileName":"Multi-track.Map.Gbx","UId":"J5mYHM7toOpf02a84rxqDgHz74","Author":"kev717","Recent":0,"Type":{"Name":"Race","FullName":"Trackmania\\Race"}},"Pilot-only.Map.Gbx":{"Name":"<span class=\"tmnick_global\" style=\"background-color:transparent\"><span class=\"tmnick_shadowed\" style=\"font-size: 10pt;color:#9933cc\">Pilot only<\/span><\/span>","Environment":"Canyon","FileName":"Pilot-only.Map.Gbx","UId":"hV5F90irAgT8KCItlA98lffhI_i","Author":"kev717","Recent":0,"Type":{"Name":"Race","FullName":"Trackmania\\Race"}},"Propulsion-arride.Map.Gbx":{"Name":"<span class=\"tmnick_global\" style=\"background-color:transparent\"><span class=\"tmnick_shadowed\" style=\"font-size: 10pt;color:#990000\">Propulsion arride<\/span><\/span>","Environment":"Canyon","FileName":"Propulsion-arride.Map.Gbx","UId":"JoGkfMUfcPbFwJlEcEF3YDUiiQ1","Author":"kev717","Recent":0,"Type":{"Name":"Race","FullName":"Trackmania\\Race"}},"Race-building.Map.Gbx":{"Name":"<span class=\"tmnick_global\" style=\"background-color:transparent\"><span class=\"tmnick_shadowed\" style=\"font-size: 10pt;color:#000000\">Race building<\/span><\/span>","Environment":"Canyon","FileName":"Race-building.Map.Gbx","UId":"anbrAYil1kFI0RRPfHwGdzzjeNh","Author":"kev717","Recent":0,"Type":{"Name":"Race","FullName":"Trackmania\\Race"}},"Razmotte.Map.Gbx":{"Name":"<span class=\"tmnick_global\" style=\"background-color:transparent\"><span class=\"tmnick_shadowed\" style=\"font-size: 10pt;color:#99ff00\">Razmotte<\/span><\/span>","Environment":"Canyon","FileName":"Razmotte.Map.Gbx","UId":"a9zuQJgfKHz20kAsYSQlDMxGxfk","Author":"kev717","Recent":0,"Type":{"Name":"Race","FullName":"TrackMania\\Race"}},"Routes-de-corse.Map.Gbx":{"Name":"<span class=\"tmnick_global\" style=\"background-color:transparent\"><span class=\"tmnick_shadowed\" style=\"font-size: 10pt;color:#cc5500\">Routes de corse<\/span><\/span>","Environment":"Canyon","FileName":"Routes-de-corse.Map.Gbx","UId":"npVglWKptFQoczmEBB7fkbvYJjj","Author":"kev717","Recent":0,"Type":{"Name":"Race","FullName":"Trackmania\\Race"}},"Suede---Etape-1.Map.Gbx":{"Name":"<span class=\"tmnick_global\" style=\"background-color:transparent\"><span class=\"tmnick_shadowed\" style=\"font-size: 10pt;color:#0088cc\">Su\u00e8de <\/span><span class=\"tmnick_shadowed\" style=\"font-size: 10pt;color:#333333\">- <\/span><span class=\"tmnick_shadowed\" style=\"font-size: 10pt;color:#ffff00\">Etape 1<\/span><\/span>","Environment":"Canyon","FileName":"Suede---Etape-1.Map.Gbx","UId":"0JSJchwnoPLXs7E0kSREdRVxAR1","Author":"kev717","Recent":0,"Type":{"Name":"Race","FullName":"Trackmania\\Race"}},"Suede---Etape-2.Map.Gbx":{"Name":"<span class=\"tmnick_global\" style=\"background-color:transparent\"><span class=\"tmnick_shadowed\" style=\"font-size: 10pt;color:#0088cc\">Su\u00e8de <\/span><span class=\"tmnick_shadowed\" style=\"font-size: 10pt;color:#333333\">- <\/span><span class=\"tmnick_shadowed\" style=\"font-size: 10pt;color:#ffff00\">Etape 2<\/span><\/span>","Environment":"Canyon","FileName":"Suede---Etape-2.Map.Gbx","UId":"aQYVgcAnWd8W6o4yOXx8HHEDPS9","Author":"kev717","Recent":0,"Type":{"Name":"Race","FullName":"Trackmania\\Race"}},"Suede---Etape-3.Map.Gbx":{"Name":"<span class=\"tmnick_global\" style=\"background-color:transparent\"><span class=\"tmnick_shadowed\" style=\"font-size: 10pt;color:#0088cc\">Su\u00e8de <\/span><span class=\"tmnick_shadowed\" style=\"font-size: 10pt;color:#333333\">- <\/span><span class=\"tmnick_shadowed\" style=\"font-size: 10pt;color:#ffff00\">Etape 3<\/span><\/span>","Environment":"Canyon","FileName":"Suede---Etape-3.Map.Gbx","UId":"8VX6HVIT_wCCBhgWIOKcMwm5O_2","Author":"kev717","Recent":0,"Type":{"Name":"Race","FullName":"Trackmania\\Race"}},"Suede---Etape-4.Map.Gbx":{"Name":"<span class=\"tmnick_global\" style=\"background-color:transparent\"><span class=\"tmnick_shadowed\" style=\"font-size: 10pt;color:#0088cc\">Su\u00e8de <\/span><span class=\"tmnick_shadowed\" style=\"font-size: 10pt;color:#333333\">- <\/span><span class=\"tmnick_shadowed\" style=\"font-size: 10pt;color:#ffff00\">Etape 4<\/span><\/span>","Environment":"Canyon","FileName":"Suede---Etape-4.Map.Gbx","UId":"pirzLg0bV7owjst4AG6Yu2Qtphh","Author":"kev717","Recent":0,"Type":{"Name":"Race","FullName":"Trackmania\\Race"}},"Tmeless..Map.Gbx":{"Name":"<span class=\"tmnick_global\" style=\"background-color:transparent\"><span class=\"tmnick_shadowed\" style=\"font-size: 10pt;color:#000000\">T<\/span><span class=\"tmnick_shadowed\" style=\"font-size: 10pt;color:#ff0000\">!<\/span><span class=\"tmnick_shadowed\" style=\"font-size: 10pt;color:#000000\">meless<\/span><span class=\"tmnick_shadowed\" style=\"font-size: 10pt;color:#ff0000\">.<\/span><\/span>","Environment":"Stadium","FileName":"Tmeless..Map.Gbx","UId":"UoU7guI2ww_P5cWCRwUMfSej3w1","Author":"unholy79","Recent":0,"Type":{"Name":"Race","FullName":"TrackMania\\Race"}}}